dataset,domain,architecture,run_id,timestamp,accuracy,f1_macro,f1_weighted,latency_ms,latency_std,failure_rate,explainability_score,avg_confidence,dependency,error_tolerance,ambiguity
UCI_Heart_Disease,healthcare,SemiSymbolic,0,2026-04-13T17:21:50.476955,0.7166666666666667,0.7165879410947485,0.7172177456700937,0.0009062806765238444,0.00029921878408569337,0.0,2.4000000000000004,0.6000000000000001,2.5,3.65,2.5
UCI_Heart_Disease,healthcare,Concurrency,0,2026-04-13T17:21:50.788716,0.8166666666666667,0.8153846153846154,0.8158974358974359,0.004289801915486654,0.0004576192669183037,0.0,3.0,0.8705399208645161,2.5,3.65,2.5
UCI_Heart_Disease,healthcare,SemiSymbolic,1,2026-04-13T17:21:50.865166,0.8166666666666667,0.8166157265907197,0.8167176067426137,0.0008926113446553549,0.00020704086508991954,0.0,2.4000000000000004,0.6000000000000001,2.5,3.65,2.5
UCI_Heart_Disease,healthcare,Concurrency,1,2026-04-13T17:21:51.183380,0.7,0.6914285714285715,0.7068571428571429,0.004434426625569661,0.0005569972510710721,0.0,3.0,0.8543574109600807,2.5,3.65,2.5
UCI_Heart_Disease,healthcare,SemiSymbolic,2,2026-04-13T17:21:51.294855,0.7166666666666667,0.7146853146853147,0.7186480186480186,0.001439821720123291,0.0012185955561163893,0.0,2.4000000000000004,0.6000000000000001,2.5,3.65,2.5
UCI_Heart_Disease,healthcare,Concurrency,2,2026-04-13T17:21:51.598752,0.7833333333333333,0.7757976430008624,0.7812781450608413,0.004173004627227783,0.0005845648090514168,0.0,3.0,0.8058098812467741,2.5,3.65,2.5
UCI_Heart_Disease,healthcare,SemiSymbolic,3,2026-04-13T17:21:51.675784,0.8333333333333334,0.8303167420814479,0.8355957767722474,0.000873116652170817,0.00017382130530107134,0.0,2.4000000000000004,0.6000000000000001,2.5,3.65,2.5
UCI_Heart_Disease,healthcare,Concurrency,3,2026-04-13T17:21:51.990949,0.7666666666666667,0.7488038277511961,0.7644338118022328,0.00436938206354777,0.0006155651113130995,0.0,3.0,0.8705399208645161,2.5,3.65,2.5
UCI_Heart_Disease,healthcare,SemiSymbolic,4,2026-04-13T17:21:52.068376,0.7666666666666667,0.7435897435897436,0.7615384615384616,0.0008795698483784994,0.00017563224281622627,0.0,2.4000000000000004,0.6000000000000001,2.5,3.65,2.5
UCI_Heart_Disease,healthcare,Concurrency,4,2026-04-13T17:21:52.401082,0.8166666666666667,0.8162071846282373,0.8159008632692843,0.004672706127166748,0.0016004791321449026,0.0,3.0,0.8705399208645161,2.5,3.65,2.5
UCI_Heart_Disease,healthcare,SemiSymbolic,5,2026-04-13T17:21:52.479407,0.75,0.7465502675302731,0.75147845677274,0.0008667111396789551,0.00017699517588398324,0.0,2.4000000000000004,0.6000000000000001,2.5,3.65,2.5
UCI_Heart_Disease,healthcare,Concurrency,5,2026-04-13T17:21:52.791671,0.7833333333333333,0.7803435651929034,0.7829062235989862,0.00425029993057251,0.00037156827486906335,0.0,3.0,0.9190874505778226,2.5,3.65,2.5
UCI_Heart_Disease,healthcare,SemiSymbolic,6,2026-04-13T17:21:52.871328,0.85,0.847930160518164,0.850887074063644,0.0009126027425130209,0.0001951968297622915,0.0,2.4000000000000004,0.6000000000000001,2.5,3.65,2.5
UCI_Heart_Disease,healthcare,Concurrency,6,2026-04-13T17:21:53.179747,0.75,0.7482517482517483,0.7489510489510489,0.004221038023630779,0.000458842559765229,0.0,3.0,0.8867224307689516,2.5,3.65,2.5
UCI_Heart_Disease,healthcare,SemiSymbolic,7,2026-04-13T17:21:53.256034,0.7833333333333333,0.783273131425396,0.7833935352412706,0.000866401195526123,0.00016159215268194568,0.0,2.4000000000000004,0.6000000000000001,2.5,3.65,2.5
UCI_Heart_Disease,healthcare,Concurrency,7,2026-04-13T17:21:53.608012,0.7833333333333333,0.7827903091060986,0.7835143414090783,0.004946430524190267,0.0019235143541785377,0.0,3.0,0.8705399208645161,2.5,3.65,2.5
UCI_Heart_Disease,healthcare,SemiSymbolic,8,2026-04-13T17:21:53.685203,0.8,0.7916666666666667,0.7972222222222223,0.0008779327074686686,0.00018085056093159073,0.0,2.4000000000000004,0.6000000000000001,2.5,3.65,2.5
UCI_Heart_Disease,healthcare,Concurrency,8,2026-04-13T17:21:53.997862,0.7,0.6986607142857143,0.7,0.004326268037160237,0.000620258444679481,0.0,3.0,0.8867224307689516,2.5,3.65,2.5
UCI_Heart_Disease,healthcare,SemiSymbolic,9,2026-04-13T17:21:54.074022,0.7833333333333333,0.783273131425396,0.7833935352412706,0.0008661866188049317,0.00016422333008921916,0.0,2.4000000000000004,0.6000000000000001,2.5,3.65,2.5
UCI_Heart_Disease,healthcare,Concurrency,9,2026-04-13T17:21:54.381488,0.7666666666666667,0.7624434389140271,0.764555052790347,0.004208115736643474,0.0004570593566702495,0.0,3.0,0.8219923911512097,2.5,3.65,2.5
UCI_Heart_Disease,healthcare,SemiSymbolic,10,2026-04-13T17:21:54.485020,0.8,0.784688995215311,0.8,0.0010658025741577149,0.0005756110600094278,0.0,2.4000000000000004,0.6000000000000001,2.5,3.65,2.5
UCI_Heart_Disease,healthcare,Concurrency,10,2026-04-13T17:21:54.795083,0.85,0.8499583217560434,0.8502083912197833,0.004204960664113362,0.0003771227356269381,0.0,3.0,0.8543574109600807,2.5,3.65,2.5
UCI_Heart_Disease,healthcare,SemiSymbolic,11,2026-04-13T17:21:54.872571,0.85,0.8499583217560434,0.8500416782439566,0.0008890549341837565,0.00022256624425513803,0.0,2.4000000000000004,0.6000000000000001,2.5,3.65,2.5
UCI_Heart_Disease,healthcare,Concurrency,11,2026-04-13T17:21:55.634959,0.8333333333333334,0.8331479421579533,0.8331479421579533,0.01134005387624105,0.010622904590686998,0.0,3.0,0.8867224307689517,2.5,3.65,2.5
UCI_Heart_Disease,healthcare,SemiSymbolic,12,2026-04-13T17:21:55.799319,0.7833333333333333,0.7757976430008624,0.7812781450608413,0.0019152283668518067,0.0013646619071572272,0.0,2.4000000000000004,0.6000000000000001,2.5,3.65,2.5
UCI_Heart_Disease,healthcare,Concurrency,12,2026-04-13T17:21:57.482069,0.7833333333333333,0.7591849336214882,0.7896881753627663,0.0205458402633667,0.022571897039761472,0.0,3.0,0.8219923911512097,2.5,3.65,2.5
UCI_Heart_Disease,healthcare,SemiSymbolic,13,2026-04-13T17:21:57.618816,0.7833333333333333,0.7644216248867413,0.7866706936474379,0.0014969905217488606,0.0008479303310685879,0.0,2.4000000000000004,0.6000000000000001,2.5,3.65,2.5
UCI_Heart_Disease,healthcare,Concurrency,13,2026-04-13T17:21:58.386047,0.7833333333333333,0.783273131425396,0.7836343428730203,0.009001843134562175,0.012355056956640804,0.0,3.0,0.8219923911512097,2.5,3.65,2.5
UCI_Heart_Disease,healthcare,SemiSymbolic,14,2026-04-13T17:21:58.468434,0.8333333333333334,0.8325892857142857,0.8325892857142857,0.0009551207224527995,0.00021105209743220435,0.0,2.4000000000000004,0.6000000000000001,2.5,3.65,2.5
UCI_Heart_Disease,healthcare,Concurrency,14,2026-04-13T17:21:58.846917,0.8,0.7997775305895439,0.800444938820912,0.00509188969930013,0.001953880959026638,0.0,3.0,0.8705399208645161,2.5,3.65,2.5
UCI_Heart_Disease,healthcare,SemiSymbolic,15,2026-04-13T17:21:58.923275,0.8166666666666667,0.8141368628555337,0.8177508683000094,0.0008645375569661459,0.00015358149650630422,0.0,2.4000000000000004,0.6000000000000001,2.5,3.65,2.5
UCI_Heart_Disease,healthcare,Concurrency,15,2026-04-13T17:21:59.261876,0.7833333333333333,0.7726610317691636,0.7825123870591664,0.004747418562571208,0.0026299637397629062,0.0,3.0,0.8219923911512096,2.5,3.65,2.5
UCI_Heart_Disease,healthcare,SemiSymbolic,16,2026-04-13T17:21:59.337247,0.8666666666666667,0.8665183537263625,0.8669632925472748,0.000857396920522054,0.00016664133789898782,0.0,2.4000000000000004,0.6000000000000001,2.5,3.65,2.5
UCI_Heart_Disease,healthcare,Concurrency,16,2026-04-13T17:21:59.639889,0.7166666666666667,0.706812302385743,0.7121874101753377,0.0041420261065165205,0.0005213589229836928,0.0,3.0,0.8058098812467741,2.5,3.65,2.5
UCI_Heart_Disease,healthcare,SemiSymbolic,17,2026-04-13T17:21:59.715347,0.75,0.7442455242966752,0.7506393861892583,0.0008535226186116537,0.00014995897419969057,0.0,2.4000000000000004,0.6000000000000001,2.5,3.65,2.5
UCI_Heart_Disease,healthcare,Concurrency,17,2026-04-13T17:22:00.054583,0.7666666666666667,0.7664071190211346,0.7653689284390063,0.0042565623919169114,0.0006792132662166907,0.0,3.0,0.8543574109600807,2.5,3.65,2.5
UCI_Heart_Disease,healthcare,SemiSymbolic,18,2026-04-13T17:22:00.131324,0.85,0.849624060150376,0.8498746867167919,0.0008771657943725586,0.00018540138955355537,0.0,2.4000000000000004,0.6000000000000001,2.5,3.65,2.5
UCI_Heart_Disease,healthcare,Concurrency,18,2026-04-13T17:22:00.439560,0.8833333333333333,0.8830409356725146,0.8834307992202729,0.004223783810933431,0.0004452258025281017,0.0,3.0,0.9352699604822582,2.5,3.65,2.5
UCI_Heart_Disease,healthcare,SemiSymbolic,19,2026-04-13T17:22:00.514503,0.8666666666666667,0.8660714285714286,0.8663690476190475,0.0008547425270080567,0.00015578279460815147,0.0,2.4000000000000004,0.6000000000000001,2.5,3.65,2.5
UCI_Heart_Disease,healthcare,Concurrency,19,2026-04-13T17:22:00.859207,0.8666666666666667,0.8665183537263625,0.8663700407860586,0.004849930604298909,0.0016260708401681272,0.0,3.0,0.9029049406733871,2.5,3.65,2.5
NSL_KDD,cybersecurity,SemiSymbolic,0,2026-04-13T17:22:02.707036,0.815,0.8143490764991619,0.8149404151767962,0.000914560317993164,0.00030326373870234014,0.0,2.399999999999999,0.5999999999999998,1.5,3.95,3.5
NSL_KDD,cybersecurity,Concurrency,0,2026-04-13T17:22:12.329138,0.823,0.8238911887471971,0.822855020507538,0.00724232292175293,0.01123129302559694,0.0,3.0,0.46791907444216085,1.5,3.95,3.5
NSL_KDD,cybersecurity,SemiSymbolic,1,2026-04-13T17:22:14.089748,0.805,0.8051432969311296,0.8048975729321451,0.0009278097152709961,0.00035908255851440583,0.0,2.399999999999999,0.5999999999999998,1.5,3.95,3.5
NSL_KDD,cybersecurity,Concurrency,1,2026-04-13T17:22:21.514802,0.8,0.7997737895736321,0.7997189798922277,0.005056911945343017,0.0016673098227096156,0.0,3.0,0.44558721077403984,1.5,3.95,3.5
NSL_KDD,cybersecurity,SemiSymbolic,2,2026-04-13T17:22:25.709626,0.803,0.8017697271852169,0.8026854305294512,0.002249979019165039,0.002836193147789936,0.0,2.399999999999999,0.5999999999999998,1.5,3.95,3.5
NSL_KDD,cybersecurity,Concurrency,2,2026-04-13T17:22:33.021636,0.801,0.8001005197110176,0.8008248328199713,0.004923453330993652,0.001484511442404629,0.0,3.0,0.47762858038482214,1.5,3.95,3.5
NSL_KDD,cybersecurity,SemiSymbolic,3,2026-04-13T17:22:34.739972,0.815,0.8132962222392471,0.8146244824928089,0.0008917660713195801,0.00017027558441847228,0.0,2.399999999999999,0.5999999999999998,1.5,3.95,3.5
NSL_KDD,cybersecurity,Concurrency,3,2026-04-13T17:22:44.457665,0.807,0.8071436094639785,0.806920097755052,0.004896642446517945,0.001385725969060216,0.0,3.0,0.45141291433963665,1.5,3.95,3.5
NSL_KDD,cybersecurity,SemiSymbolic,4,2026-04-13T17:22:46.225657,0.837,0.8365801689613772,0.8368772608464305,0.0009620389938354492,0.00035823297813997895,0.0,2.399999999999999,0.5999999999999998,1.5,3.95,3.5
NSL_KDD,cybersecurity,Concurrency,4,2026-04-13T17:22:55.916700,0.809,0.8088998873730622,0.8086982201784052,0.00734071683883667,0.011225238822468458,0.0,3.0,0.4756866791962899,1.5,3.95,3.5
NSL_KDD,cybersecurity,SemiSymbolic,5,2026-04-13T17:22:57.685920,0.81,0.8089888312654934,0.8094915325776467,0.000924123764038086,0.0003989079576381293,0.0,2.399999999999999,0.5999999999999998,1.5,3.95,3.5
NSL_KDD,cybersecurity,Concurrency,5,2026-04-13T17:23:07.368079,0.809,0.8085337695871436,0.8084022292314369,0.00732047700881958,0.01041510194260476,0.0,3.0,0.4727738274134915,1.5,3.95,3.5
NSL_KDD,cybersecurity,SemiSymbolic,6,2026-04-13T17:23:09.130288,0.819,0.8187425136422546,0.8185429855806401,0.000924748420715332,0.00036798768301014704,0.0,2.399999999999999,0.5999999999999998,1.5,3.95,3.5
NSL_KDD,cybersecurity,Concurrency,6,2026-04-13T17:23:18.219799,0.786,0.7853505506522355,0.7858005070445735,0.006685742139816284,0.009987262881985487,0.0,3.0,0.4378196060199108,1.5,3.95,3.5
NSL_KDD,cybersecurity,SemiSymbolic,7,2026-04-13T17:23:20.586279,0.816,0.8154423489763282,0.8159243741852692,0.0010210630893707276,0.0008379169216408346,0.0,2.399999999999999,0.5999999999999998,1.5,3.95,3.5
NSL_KDD,cybersecurity,Concurrency,7,2026-04-13T17:23:27.881290,0.811,0.8113123152539465,0.8112744646157687,0.004899245738983154,0.0011858077562050804,0.0,3.0,0.45529671671670113,1.5,3.95,3.5
NSL_KDD,cybersecurity,SemiSymbolic,8,2026-04-13T17:23:31.757548,0.81,0.8088183984699923,0.8096819528959632,0.002997180938720703,0.004019058532522784,0.0,2.399999999999999,0.5999999999999998,1.5,3.95,3.5
NSL_KDD,cybersecurity,Concurrency,8,2026-04-13T17:23:39.437319,0.824,0.8237687762876631,0.823861792194377,0.004999393463134765,0.0012210661214628353,0.0,3.0,0.46694812384789475,1.5,3.95,3.5
NSL_KDD,cybersecurity,SemiSymbolic,9,2026-04-13T17:23:41.279600,0.797,0.7973023441893909,0.7970094325462147,0.0009888172149658202,0.00047025066480802977,0.0,2.399999999999999,0.5999999999999998,1.5,3.95,3.5
NSL_KDD,cybersecurity,Concurrency,9,2026-04-13T17:23:50.872383,0.827,0.8270862788707,0.8270463156362912,0.004833482742309571,0.0014020327739253785,0.0,3.0,0.4727738274134915,1.5,3.95,3.5
NSL_KDD,cybersecurity,SemiSymbolic,10,2026-04-13T17:23:52.688734,0.802,0.8016945378589341,0.8020035276806327,0.0009471149444580078,0.0003813644724311054,0.0,2.399999999999999,0.5999999999999998,1.5,3.95,3.5
NSL_KDD,cybersecurity,Concurrency,10,2026-04-13T17:24:02.320125,0.823,0.823164261248864,0.822949952323123,0.007297009468078613,0.011713054982012082,0.0,3.0,0.4902509381102818,1.5,3.95,3.5
NSL_KDD,cybersecurity,SemiSymbolic,11,2026-04-13T17:24:04.070985,0.818,0.8185442582912259,0.8178609926003173,0.0009477353096008301,0.0003816626421497575,0.0,2.399999999999999,0.5999999999999998,1.5,3.95,3.5
NSL_KDD,cybersecurity,Concurrency,11,2026-04-13T17:24:13.907283,0.799,0.7991850763654529,0.7990195596754348,0.007485917806625366,0.01269237220256918,0.0,3.0,0.461122420282298,1.5,3.95,3.5
NSL_KDD,cybersecurity,SemiSymbolic,12,2026-04-13T17:24:15.635987,0.814,0.8124845313964844,0.8138242088490822,0.0009228227138519287,0.00033980676904020294,0.0,2.399999999999999,0.5999999999999998,1.5,3.95,3.5
NSL_KDD,cybersecurity,Concurrency,12,2026-04-13T17:24:25.330440,0.808,0.8075831325170043,0.8084401387927612,0.007346737146377564,0.010556950456078748,0.0,3.0,0.4698609756306931,1.5,3.95,3.5
NSL_KDD,cybersecurity,SemiSymbolic,13,2026-04-13T17:24:27.133715,0.809,0.8068189286861058,0.8085498431379076,0.0009525032043457032,0.00040027623420150793,0.0,2.399999999999999,0.5999999999999998,1.5,3.95,3.5
NSL_KDD,cybersecurity,Concurrency,13,2026-04-13T17:24:34.381975,0.823,0.8230382091360223,0.8229788564071885,0.004863469839096069,0.0013317921515671937,0.0,3.0,0.4698609756306931,1.5,3.95,3.5
NSL_KDD,cybersecurity,SemiSymbolic,14,2026-04-13T17:24:38.609432,0.823,0.8227870744937974,0.8228834227210118,0.0033322880268096926,0.004252144894244047,0.0,2.399999999999999,0.5999999999999998,1.5,3.95,3.5
NSL_KDD,cybersecurity,Concurrency,14,2026-04-13T17:24:45.838181,0.815,0.8141213171445305,0.8145459295581673,0.004870108366012573,0.0013471461602821864,0.0,3.0,0.4659771732536286,1.5,3.95,3.5
NSL_KDD,cybersecurity,SemiSymbolic,15,2026-04-13T17:24:47.594303,0.815,0.8148632483984987,0.8143095423461503,0.0009448413848876954,0.0003880785289881533,0.0,2.399999999999999,0.5999999999999998,1.5,3.95,3.5
NSL_KDD,cybersecurity,Concurrency,15,2026-04-13T17:24:57.348398,0.816,0.814342884934818,0.8159161460703138,0.004923311233520508,0.0013402803094459278,0.0,3.0,0.43879055661417693,1.5,3.95,3.5
NSL_KDD,cybersecurity,SemiSymbolic,16,2026-04-13T17:24:59.162317,0.814,0.8139741678253142,0.8138233745369179,0.000961780309677124,0.00039063766425370027,0.0,2.399999999999999,0.5999999999999998,1.5,3.95,3.5
NSL_KDD,cybersecurity,Concurrency,16,2026-04-13T17:25:08.948543,0.811,0.8108660714037997,0.8111234395176086,0.007401943683624268,0.011919783765307793,0.0,3.0,0.45529671671670113,1.5,3.95,3.5
NSL_KDD,cybersecurity,SemiSymbolic,17,2026-04-13T17:25:10.743164,0.797,0.7965726819205343,0.7969338640342875,0.000956885576248169,0.0003957235812289059,0.0,2.399999999999999,0.5999999999999998,1.5,3.95,3.5
NSL_KDD,cybersecurity,Concurrency,17,2026-04-13T17:25:20.782239,0.797,0.7933979019747396,0.796387087882416,0.007562745809555054,0.011717415101490304,0.0,3.0,0.46306432147083015,1.5,3.95,3.5
NSL_KDD,cybersecurity,SemiSymbolic,18,2026-04-13T17:25:22.629057,0.791,0.7904349149342692,0.7910561463468879,0.001009312868118286,0.0006287720854151031,0.0,2.399999999999999,0.5999999999999998,1.5,3.95,3.5
NSL_KDD,cybersecurity,Concurrency,18,2026-04-13T17:25:32.647087,0.815,0.8149781497897992,0.8150576578525731,0.007593608617782592,0.011118092072621932,0.0,3.0,0.41257489056899144,1.5,3.95,3.5
NSL_KDD,cybersecurity,SemiSymbolic,19,2026-04-13T17:25:34.517942,0.828,0.827386992935225,0.8281474034120249,0.001053877353668213,0.0005975127302908453,0.0,2.399999999999999,0.5999999999999998,1.5,3.95,3.5
NSL_KDD,cybersecurity,Concurrency,19,2026-04-13T17:25:41.894078,0.799,0.7988101521143642,0.7987431146881238,0.004975583791732788,0.001158544228642841,0.0,3.0,0.48345428395041895,1.5,3.95,3.5
Adult_Income,social_science,SemiSymbolic,0,2026-04-13T17:25:46.601538,0.8565,0.7893855451703793,0.8488314750460397,0.0018217079639434813,0.0024382952338107312,0.0,2.399999999999999,0.5999999999999998,2.5,2.0,3.8
Adult_Income,social_science,Concurrency,0,2026-04-13T17:25:56.798700,0.8645,0.801127117565062,0.8590552085064757,0.004968512415885925,0.0038280218309005264,0.0,3.0,0.9436848656325645,2.5,2.0,3.8
Adult_Income,social_science,SemiSymbolic,1,2026-04-13T17:26:00.257479,0.865,0.7951267482517483,0.8602141608391608,0.0016229530572891234,0.0023500716902991295,0.0,2.399999999999999,0.5999999999999998,2.5,2.0,3.8
Adult_Income,social_science,Concurrency,1,2026-04-13T17:26:10.901525,0.8695,0.7999968581881938,0.8646070731379306,0.00518481194972992,0.006332823748009705,0.0,3.0,0.9436848656325645,2.5,2.0,3.8
Adult_Income,social_science,SemiSymbolic,2,2026-04-13T17:26:13.590654,0.8695,0.7996345057017802,0.8656547357075492,0.001250026822090149,0.0013055427014084693,0.0,2.399999999999999,0.5999999999999998,2.5,2.0,3.8
Adult_Income,social_science,Concurrency,2,2026-04-13T17:26:24.119002,0.873,0.8069248603245791,0.8666748584242332,0.005130961775779724,0.005932516561691692,0.0,3.0,0.9461122421182299,2.5,2.0,3.8
Adult_Income,social_science,SemiSymbolic,3,2026-04-13T17:26:27.073624,0.8775,0.8098380479914435,0.8727925884185161,0.0013585948944091796,0.0013858825305539885,0.0,2.399999999999999,0.5999999999999998,2.5,2.0,3.8
Adult_Income,social_science,Concurrency,3,2026-04-13T17:26:37.492731,0.8685,0.7977320611218334,0.8631759538798336,0.0050762461423873905,0.005508410902342533,0.0,3.0,0.9465977174153629,2.5,2.0,3.8
Adult_Income,social_science,SemiSymbolic,4,2026-04-13T17:26:40.545855,0.8725,0.7998410502457833,0.8672540841256291,0.0013245255947113036,0.0015491942030816065,0.0,2.399999999999999,0.5999999999999998,2.5,2.0,3.8
Adult_Income,social_science,Concurrency,4,2026-04-13T17:26:51.450442,0.87,0.8057889822595705,0.864639775910364,0.005318235993385315,0.006378283577282703,0.0,3.0,0.9262077549357741,2.5,2.0,3.8
Adult_Income,social_science,SemiSymbolic,5,2026-04-13T17:26:54.006012,0.8715,0.8135502534664598,0.8665625776496086,0.0011490166187286377,0.001370457110516921,0.0,2.399999999999999,0.5999999999999998,2.5,2.0,3.8
Adult_Income,social_science,Concurrency,5,2026-04-13T17:27:05.637467,0.87,0.8037555156021913,0.8632729353193274,0.005688378095626831,0.007816971148368936,0.0,3.0,0.9407720138497662,2.5,2.0,3.8
Adult_Income,social_science,SemiSymbolic,6,2026-04-13T17:27:07.626519,0.866,0.8011748489151418,0.8593017794851022,0.0009397470951080322,0.000466042913104543,0.0,2.399999999999999,0.5999999999999998,2.5,2.0,3.8
Adult_Income,social_science,Concurrency,6,2026-04-13T17:27:19.434397,0.872,0.8029362498768351,0.865233619075771,0.005771184325218201,0.008108262402746967,0.0,3.0,0.9417429644440323,2.5,2.0,3.8
Adult_Income,social_science,SemiSymbolic,7,2026-04-13T17:27:21.317152,0.857,0.7892443895530066,0.8498300941325934,0.0008871328830718995,0.0003407274056603668,0.0,2.399999999999999,0.5999999999999998,2.5,2.0,3.8
Adult_Income,social_science,Concurrency,7,2026-04-13T17:27:33.017593,0.876,0.811485690395652,0.8693831477328874,0.005699512958526612,0.007244135455574519,0.0,3.0,0.9465977174153629,2.5,2.0,3.8
Adult_Income,social_science,SemiSymbolic,8,2026-04-13T17:27:34.906529,0.8645,0.7923339025632203,0.8579505747025143,0.0008898403644561768,0.0003316405818650044,0.0,2.399999999999999,0.5999999999999998,2.5,2.0,3.8
Adult_Income,social_science,Concurrency,8,2026-04-13T17:27:46.711242,0.873,0.8102707749766573,0.8695089822595705,0.005771703004837036,0.007394230429378193,0.0,3.0,0.9276641808271734,2.5,2.0,3.8
Adult_Income,social_science,SemiSymbolic,9,2026-04-13T17:27:48.663719,0.8695,0.8162017780541402,0.8657884246555809,0.0009195348024368286,0.00033965377219042134,0.0,2.399999999999999,0.5999999999999998,2.5,2.0,3.8
Adult_Income,social_science,Concurrency,9,2026-04-13T17:28:00.547417,0.877,0.8120001956420728,0.8721360690616516,0.005805034637451172,0.006416032642081014,0.0,3.0,0.9480541433067621,2.5,2.0,3.8
Adult_Income,social_science,SemiSymbolic,10,2026-04-13T17:28:02.454382,0.8615,0.7963863352443861,0.8540732424814552,0.0008986850976943969,0.0003997147143261483,0.0,2.399999999999999,0.5999999999999998,2.5,2.0,3.8
Adult_Income,social_science,Concurrency,10,2026-04-13T17:28:14.094504,0.8685,0.7991887377714149,0.8610084848484848,0.005690299510955811,0.007269377653349633,0.0,3.0,0.938830112661234,2.5,2.0,3.8
Adult_Income,social_science,SemiSymbolic,11,2026-04-13T17:28:15.951763,0.8675,0.8068061817647636,0.8615984601359137,0.0008748427629470825,0.00042555945640129533,0.0,2.399999999999999,0.5999999999999998,2.5,2.0,3.8
Adult_Income,social_science,Concurrency,11,2026-04-13T17:28:28.013048,0.8685,0.79809913792938,0.8634330454902601,0.005872252106666565,0.007207315052749398,0.0,3.0,0.947083192712496,2.5,2.0,3.8
Adult_Income,social_science,SemiSymbolic,12,2026-04-13T17:28:29.966828,0.879,0.8057797381718255,0.874945457814075,0.00092159104347229,0.0005042005608723395,0.0,2.399999999999999,0.5999999999999998,2.5,2.0,3.8
Adult_Income,social_science,Concurrency,12,2026-04-13T17:28:41.996823,0.8525,0.7820651433143311,0.8459954617836453,0.005880385160446167,0.007927622709955076,0.0,3.0,0.9359172608784354,2.5,2.0,3.8
Adult_Income,social_science,SemiSymbolic,13,2026-04-13T17:28:43.967474,0.872,0.8103984594874833,0.8683255221448675,0.0009297131299972534,0.000447698101794835,0.0,2.399999999999999,0.5999999999999998,2.5,2.0,3.8
Adult_Income,social_science,Concurrency,13,2026-04-13T17:28:55.903716,0.873,0.8121965754710982,0.8677638527207097,0.005836006760597229,0.008385109772724875,0.0,3.0,0.9378591620669676,2.5,2.0,3.8
Adult_Income,social_science,SemiSymbolic,14,2026-04-13T17:28:57.928472,0.876,0.8108115118143633,0.8718910152250962,0.0009543832540512085,0.000502132281034983,0.0,2.399999999999999,0.5999999999999998,2.5,2.0,3.8
Adult_Income,social_science,Concurrency,14,2026-04-13T17:29:12.049850,0.877,0.8152920188131837,0.8717687005568271,0.006908581733703613,0.008022490450315311,0.0,3.0,0.9378591620669676,2.5,2.0,3.8
Adult_Income,social_science,SemiSymbolic,15,2026-04-13T17:29:14.159180,0.8725,0.8109794267784334,0.8682404686375953,0.000992206335067749,0.0004498558610870887,0.0,2.399999999999999,0.5999999999999998,2.5,2.0,3.8
Adult_Income,social_science,Concurrency,15,2026-04-13T17:29:26.867914,0.8595,0.7895596892223482,0.8538586739789057,0.006221626996994019,0.007378696047435412,0.0,3.0,0.9383446373641008,2.5,2.0,3.8
Adult_Income,social_science,SemiSymbolic,16,2026-04-13T17:29:28.837456,0.87,0.8016572301279616,0.864877202939745,0.0009287796020507812,0.00047583575769946624,0.0,2.399999999999999,0.5999999999999998,2.5,2.0,3.8
Adult_Income,social_science,Concurrency,16,2026-04-13T17:29:41.196499,0.867,0.7988736926790023,0.8639565567176187,0.006040866017341614,0.008533632638576283,0.0,3.0,0.9257222796386411,2.5,2.0,3.8
Adult_Income,social_science,SemiSymbolic,17,2026-04-13T17:29:43.633695,0.8705,0.8108709756684416,0.8665176519814186,0.0011537920236587525,0.0008950284770074456,0.0,2.399999999999999,0.5999999999999998,2.5,2.0,3.8
Adult_Income,social_science,Concurrency,17,2026-04-13T17:29:55.057394,0.8805,0.8210134011535275,0.8763209761434829,0.004981392741203308,0.0040526759948581546,0.0,3.0,0.9330044090956371,2.5,2.0,3.8
Adult_Income,social_science,SemiSymbolic,18,2026-04-13T17:29:58.830055,0.879,0.8240048638655804,0.8756550364426292,0.00182548987865448,0.0027461247331427036,0.0,2.399999999999999,0.5999999999999998,2.5,2.0,3.8
Adult_Income,social_science,Concurrency,18,2026-04-13T17:30:08.953693,0.88,0.8159226875287621,0.8751127473538886,0.004837126970291138,0.0026653296462571022,0.0,3.0,0.9354317855813024,2.5,2.0,3.8
Adult_Income,social_science,SemiSymbolic,19,2026-04-13T17:30:13.656641,0.861,0.7964953274448744,0.8551567703369246,0.002293129563331604,0.003109413729999246,0.0,2.399999999999999,0.5999999999999998,2.5,2.0,3.8
Adult_Income,social_science,Concurrency,19,2026-04-13T17:30:23.843943,0.8785,0.8231337425518744,0.8745912114938321,0.004953268527984619,0.0018783926078091194,0.0,3.0,0.9349463102841694,2.5,2.0,3.8
Credit_Card_Fraud,finance,SemiSymbolic,0,2026-04-13T17:30:28.588518,0.9852262234533703,0.95201169797944,0.9847101264981705,0.0009408604735482763,0.0004841861582201791,0.0,2.4,0.6,1.5,4.8,4.2
Credit_Card_Fraud,finance,Concurrency,0,2026-04-13T17:30:34.219058,0.9861495844875346,0.9523809523809523,0.9857422873897579,0.004656838798346832,0.001455162084731819,0.0,3.0,0.9955173103757796,1.5,4.8,4.2
Credit_Card_Fraud,finance,SemiSymbolic,1,2026-04-13T17:30:35.474078,0.984302862419206,0.9497632918127619,0.9838797719106638,0.0009174578077575177,0.0003049222411987678,0.0,2.4,0.6,1.5,4.8,4.2
Credit_Card_Fraud,finance,Concurrency,1,2026-04-13T17:30:43.450730,0.9806094182825484,0.9443954104148279,0.9798221572419459,0.006852251671027609,0.008341579736687438,0.0,3.0,0.9955173103757796,1.5,4.8,4.2
Credit_Card_Fraud,finance,SemiSymbolic,2,2026-04-13T17:30:44.688677,0.9833795013850416,0.9504221770091557,0.9829316102270454,0.0009373200787291523,0.00043974100396566753,0.0,2.4,0.6,1.5,4.8,4.2
Credit_Card_Fraud,finance,Concurrency,2,2026-04-13T17:30:50.070406,0.9833795013850416,0.9465460887114465,0.982805899852861,0.004439425490459467,0.0013031463543431688,0.0,3.0,0.9910346206515592,1.5,4.8,4.2
Credit_Card_Fraud,finance,SemiSymbolic,3,2026-04-13T17:30:53.584622,0.9907663896583564,0.9705930270446399,0.9906764304047836,0.0030158409231367312,0.0038514081174538637,0.0,2.4,0.6,1.5,4.8,4.2
Credit_Card_Fraud,finance,Concurrency,3,2026-04-13T17:30:59.059421,0.9852262234533703,0.947223508199118,0.984729996485959,0.0044474190071789295,0.0011516705455286798,0.0,3.0,0.9946207724309357,1.5,4.8,4.2
Credit_Card_Fraud,finance,SemiSymbolic,4,2026-04-13T17:31:00.233919,0.987072945521699,0.9553165153837087,0.9866555554213092,0.0008857690506474574,0.0003421906274821829,0.0,2.4,0.6,1.5,4.8,4.2
Credit_Card_Fraud,finance,Concurrency,4,2026-04-13T17:31:08.166805,0.9861495844875346,0.9547851983801161,0.9859061801607587,0.006826908414493747,0.009953725302580936,0.0,3.0,0.997310386265468,1.5,4.8,4.2
Credit_Card_Fraud,finance,SemiSymbolic,5,2026-04-13T17:31:09.337316,0.9861495844875346,0.9538563795792111,0.985614928777132,0.0008806396389271744,0.00030873016541275907,0.0,2.4,0.6,1.5,4.8,4.2
Credit_Card_Fraud,finance,Concurrency,5,2026-04-13T17:31:14.650594,0.9861495844875346,0.9528842277450846,0.9856743651054997,0.004399184485001357,0.0015495444670798968,0.0,3.0,0.997310386265468,1.5,4.8,4.2
Credit_Card_Fraud,finance,SemiSymbolic,6,2026-04-13T17:31:15.909325,0.974145891043398,0.9160204714640199,0.9732427213717983,0.0009302207967911401,0.0004119098060336811,0.0,2.4,0.6,1.5,4.8,4.2
Credit_Card_Fraud,finance,Concurrency,6,2026-04-13T17:31:23.678601,0.9824561403508771,0.9415514141336674,0.9816886123754991,0.006675146293111786,0.009726932966438968,0.0,3.0,0.9946207724309357,1.5,4.8,4.2
Credit_Card_Fraud,finance,SemiSymbolic,7,2026-04-13T17:31:24.854086,0.9778393351800554,0.932684139645706,0.9772284418921049,0.0008862441266342543,0.0002920123874368667,0.0,2.4,0.6,1.5,4.8,4.2
Credit_Card_Fraud,finance,Concurrency,7,2026-04-13T17:31:30.336333,0.9778393351800554,0.9233997406577861,0.9766467920360845,0.004510664653690018,0.001175050002398502,0.0,3.0,0.9950806477763968,1.5,4.8,4.2
Credit_Card_Fraud,finance,SemiSymbolic,8,2026-04-13T17:31:34.094442,0.984302862419206,0.954202062163406,0.9839943120748982,0.0031381492139229816,0.0037721323394562653,0.0,2.4,0.6,1.5,4.8,4.2
Credit_Card_Fraud,finance,Concurrency,8,2026-04-13T17:31:39.616635,0.989843028624192,0.9661613450247548,0.9896600575588542,0.0045832020203932945,0.0013702451197115978,0.0,3.0,0.9944140475042834,1.5,4.8,4.2
Credit_Card_Fraud,finance,SemiSymbolic,9,2026-04-13T17:31:40.806667,0.987072945521699,0.9596153846153845,0.9868269651328406,0.0008956703562925838,0.0003222707065141265,0.0,2.4,0.6,1.5,4.8,4.2
Credit_Card_Fraud,finance,Concurrency,9,2026-04-13T17:31:48.612864,0.9861495844875346,0.9577332865004098,0.9857975807962526,0.006686890444486975,0.010037500160696874,0.0,3.0,0.9955173103757796,1.5,4.8,4.2
Credit_Card_Fraud,finance,SemiSymbolic,10,2026-04-13T17:31:49.820482,0.9833795013850416,0.9508630598294046,0.9827889644214887,0.0008868202498304767,0.00025405103992231126,0.0,2.4,0.6,1.5,4.8,4.2
Credit_Card_Fraud,finance,Concurrency,10,2026-04-13T17:31:55.157499,0.976915974145891,0.9295554775006829,0.975582626830429,0.004437943244574803,0.0013548734870957946,0.0,3.0,0.9964138483206239,1.5,4.8,4.2
Credit_Card_Fraud,finance,SemiSymbolic,11,2026-04-13T17:31:56.400755,0.9815327793167128,0.9340293852488974,0.98111925684387,0.000948085679241825,0.00047471802895139863,0.0,2.4,0.6,1.5,4.8,4.2
Credit_Card_Fraud,finance,Concurrency,11,2026-04-13T17:32:04.064353,0.989843028624192,0.96470149010498,0.9896504785480056,0.00656798011378238,0.00930793174624358,0.0,3.0,0.9955173103757796,1.5,4.8,4.2
Credit_Card_Fraud,finance,SemiSymbolic,12,2026-04-13T17:32:05.279188,0.9889196675900277,0.9657104863221885,0.9886591829517805,0.0009119224460281273,0.00033872250627896717,0.0,2.4,0.6,1.5,4.8,4.2
Credit_Card_Fraud,finance,Concurrency,12,2026-04-13T17:32:12.603600,0.9916897506925207,0.9708027666527874,0.9914845292336152,0.006220392903462671,0.008250784220370143,0.0,3.0,0.999103462155156,1.5,4.8,4.2
Credit_Card_Fraud,finance,SemiSymbolic,13,2026-04-13T17:32:14.325326,0.9861495844875346,0.9565238336103283,0.9857187849781345,0.0012363269168364154,0.0019805542786552727,0.0,2.4,0.6,1.5,4.8,4.2
Credit_Card_Fraud,finance,Concurrency,13,2026-04-13T17:32:19.932748,0.9806094182825484,0.9413678514435682,0.9798564762551639,0.0046814962987644405,0.006102598509594618,0.0,3.0,0.9966437859933545,1.5,4.8,4.2
Credit_Card_Fraud,finance,SemiSymbolic,14,2026-04-13T17:32:21.124451,0.9787626962142197,0.9245559038662488,0.9777588667262944,0.0009004164930856129,0.0003076093152197828,0.0,2.4,0.6,1.5,4.8,4.2
Credit_Card_Fraud,finance,Concurrency,14,2026-04-13T17:32:29.408925,0.9852262234533703,0.9524854121879525,0.9846435171349647,0.007106349518864879,0.01169664350724465,0.0,3.0,0.9946207724309357,1.5,4.8,4.2
Credit_Card_Fraud,finance,SemiSymbolic,15,2026-04-13T17:32:30.625270,0.987072945521699,0.9522101467547531,0.9866206713755332,0.0009170556002376482,0.00041716216316414604,0.0,2.4,0.6,1.5,4.8,4.2
Credit_Card_Fraud,finance,Concurrency,15,2026-04-13T17:32:36.045643,0.9852262234533703,0.948933160438524,0.9846697033195172,0.0044987492283955835,0.001212652088682726,0.0,3.0,0.9955173103757796,1.5,4.8,4.2
Credit_Card_Fraud,finance,SemiSymbolic,16,2026-04-13T17:32:38.135487,0.9815327793167128,0.9400146224742998,0.9808876581227132,0.0017139880831111723,0.0023901031176348556,0.0,2.4,0.6,1.5,4.8,4.2
Credit_Card_Fraud,finance,Concurrency,16,2026-04-13T17:32:45.013317,0.9787626962142197,0.926984126984127,0.9775704265280006,0.0049914488171606515,0.005176337190737225,0.0,3.0,0.997310386265468,1.5,4.8,4.2
Credit_Card_Fraud,finance,SemiSymbolic,17,2026-04-13T17:32:46.250406,0.9916897506925207,0.9717305366470508,0.9916239510857774,0.0009021290121316249,0.00031527254738529336,0.0,2.4,0.6,1.5,4.8,4.2
Credit_Card_Fraud,finance,Concurrency,17,2026-04-13T17:32:54.123004,0.9944598337950139,0.9826923076923078,0.9944071237116869,0.006766729627839967,0.010244876701351746,0.0,3.0,0.9955173103757796,1.5,4.8,4.2
Credit_Card_Fraud,finance,SemiSymbolic,18,2026-04-13T17:32:55.355038,0.9852262234533703,0.9510320349060656,0.9846972525808153,0.0009354243978569052,0.0005841900974064161,0.0,2.4,0.6,1.5,4.8,4.2
Credit_Card_Fraud,finance,Concurrency,18,2026-04-13T17:33:00.661366,0.9796860572483841,0.9404719074174013,0.9791507104930122,0.004387386838044707,0.0009431328643018228,0.0,3.0,0.9923910339418646,1.5,4.8,4.2
Credit_Card_Fraud,finance,SemiSymbolic,19,2026-04-13T17:33:01.847279,0.984302862419206,0.9497632918127619,0.9837259208166483,0.0008921739907586123,0.0003655028255669117,0.0,2.4,0.6,1.5,4.8,4.2
Credit_Card_Fraud,finance,Concurrency,19,2026-04-13T17:33:09.483899,0.9852262234533703,0.9578147823546597,0.9849122321463977,0.006551694341643695,0.009384336388779387,0.0,3.0,0.9964138483206236,1.5,4.8,4.2
MNIST,computer_vision,SemiSymbolic,0,2026-04-13T17:34:14.483334,0.97,0.970179721135837,0.9701248593464175,0.0013720277547836304,0.00044359106770738567,0.0,2.399999999999999,0.5999999999999998,2.0,3.0,2.5
MNIST,computer_vision,Concurrency,0,2026-04-13T17:36:50.445074,0.9745,0.9740928900519459,0.9744533459466198,0.008182332158088683,0.0020449701510050645,0.0,3.0,0.5131652872350859,2.0,3.0,2.5
MNIST,computer_vision,SemiSymbolic,1,2026-04-13T17:37:38.220180,0.9685,0.968164925676793,0.9685440075411442,0.0012540203332901002,0.00017528814642537178,0.0,2.399999999999999,0.5999999999999998,2.0,3.0,2.5
MNIST,computer_vision,Concurrency,1,2026-04-13T17:40:10.976873,0.978,0.9780407409056797,0.9780185729211485,0.007553205490112304,0.0015088478936254612,0.0,3.0,0.5268580776977162,2.0,3.0,2.5
MNIST,computer_vision,SemiSymbolic,2,2026-04-13T17:41:00.210372,0.9645,0.9639924809494709,0.9643706888306883,0.0012332324981689452,0.00026064815611115627,0.0,2.399999999999999,0.5999999999999998,2.0,3.0,2.5
MNIST,computer_vision,Concurrency,2,2026-04-13T17:43:33.402861,0.9695,0.9695282192757837,0.9694435981812627,0.009415636897087097,0.003967803930914408,0.0,3.0,0.5077738007716488,2.0,3.0,2.5
MNIST,computer_vision,SemiSymbolic,3,2026-04-13T17:44:23.437049,0.97,0.9698173000780972,0.9699448683013004,0.0012859164476394654,0.00018857892403251162,0.0,2.399999999999999,0.5999999999999998,2.0,3.0,2.5
MNIST,computer_vision,Concurrency,3,2026-04-13T17:46:58.426573,0.969,0.9686887302138913,0.9689291886840548,0.007509409308433533,0.001830415655653221,0.0,3.0,0.5215854376203415,2.0,3.0,2.5
MNIST,computer_vision,SemiSymbolic,4,2026-04-13T17:47:47.191426,0.979,0.9787481589993703,0.9790459281048629,0.0012327125072479248,0.00016847119245365526,0.0,2.399999999999999,0.5999999999999998,2.0,3.0,2.5
MNIST,computer_vision,Concurrency,4,2026-04-13T17:50:19.804008,0.974,0.9741305792836938,0.9740264684784996,0.007771416902542115,0.00181520300187387,0.0,3.0,0.5066144471961117,2.0,3.0,2.5
MNIST,computer_vision,SemiSymbolic,5,2026-04-13T17:51:08.538262,0.9735,0.9735469591559569,0.9735087609119234,0.0011705893278121948,0.0001522139023754291,0.0,2.399999999999999,0.5999999999999998,2.0,3.0,2.5
MNIST,computer_vision,Concurrency,5,2026-04-13T17:53:40.676412,0.974,0.9739980458120904,0.9739760860410166,0.007324872970581054,0.0016034713591651579,0.0,3.0,0.5218372374032074,2.0,3.0,2.5
MNIST,computer_vision,SemiSymbolic,6,2026-04-13T17:54:28.126045,0.9665,0.9663709588221755,0.9665611265031225,0.0014487615823745728,0.00041544923566314446,0.0,2.399999999999999,0.5999999999999998,2.0,3.0,2.5
MNIST,computer_vision,Concurrency,6,2026-04-13T17:56:59.640165,0.9765,0.9759886074016355,0.9764503890405062,0.007509791970252991,0.0017789369161969441,0.0,3.0,0.4994231301455849,2.0,3.0,2.5
MNIST,computer_vision,SemiSymbolic,7,2026-04-13T17:57:48.649760,0.966,0.9658420872636355,0.9659962999290232,0.0011808403730392456,0.0001674911744753212,0.0,2.399999999999999,0.5999999999999998,2.0,3.0,2.5
MNIST,computer_vision,Concurrency,7,2026-04-13T18:00:23.222513,0.9715,0.9715587117496531,0.9714629966795453,0.008217192292213439,0.0020819106476039012,0.0,3.0,0.5101758319147429,2.0,3.0,2.5
MNIST,computer_vision,SemiSymbolic,8,2026-04-13T18:01:12.822192,0.967,0.9671161650334253,0.9668558011861128,0.0012961032390594483,0.00025446792677194204,0.0,2.399999999999999,0.5999999999999998,2.0,3.0,2.5
MNIST,computer_vision,Concurrency,8,2026-04-13T18:03:46.621301,0.962,0.9614857007198463,0.9619921481256078,0.00734542715549469,0.0015300171544684862,0.0,3.0,0.5187712351640161,2.0,3.0,2.5
MNIST,computer_vision,SemiSymbolic,9,2026-04-13T18:04:35.691332,0.967,0.9668924158651533,0.9668780041968587,0.001230236530303955,0.0001621703356609424,0.0,2.399999999999999,0.5999999999999998,2.0,3.0,2.5
MNIST,computer_vision,Concurrency,9,2026-04-13T18:07:12.076262,0.971,0.9710226365882093,0.9709531603753713,0.008180203557014465,0.0020431482696669744,0.0,3.0,0.5023753538218311,2.0,3.0,2.5
MNIST,computer_vision,SemiSymbolic,10,2026-04-13T18:08:02.378955,0.968,0.9671571313445158,0.9680352202981617,0.00172139573097229,0.0004786814274155914,0.0,2.399999999999999,0.5999999999999998,2.0,3.0,2.5
MNIST,computer_vision,Concurrency,10,2026-04-13T18:10:36.404176,0.973,0.9732229287445484,0.9729527235850429,0.007666108012199402,0.0017393150389345957,0.0,3.0,0.5189266016106158,2.0,3.0,2.5
MNIST,computer_vision,SemiSymbolic,11,2026-04-13T18:11:26.073986,0.973,0.9727049497182929,0.9729483678265519,0.0012515758275985717,0.0002247721714829868,0.0,2.399999999999999,0.5999999999999998,2.0,3.0,2.5
MNIST,computer_vision,Concurrency,11,2026-04-13T18:14:01.205391,0.965,0.9643170587602853,0.9649497096965728,0.007629671096801758,0.001659139495181489,0.0,3.0,0.5153801173477971,2.0,3.0,2.5
MNIST,computer_vision,SemiSymbolic,12,2026-04-13T18:14:51.090522,0.9675,0.9679207686127258,0.967583621189225,0.0015488264560699462,0.0004873463691555553,0.0,2.399999999999999,0.5999999999999998,2.0,3.0,2.5
MNIST,computer_vision,Concurrency,12,2026-04-13T18:17:27.690510,0.9715,0.9713601849180046,0.9713138431965596,0.008466033935546876,0.0022528604664995506,0.0,3.0,0.480515455480706,2.0,3.0,2.5
MNIST,computer_vision,SemiSymbolic,13,2026-04-13T18:18:17.848627,0.967,0.9667805946059703,0.9669934878770713,0.0014768413305282593,0.00044731720215476794,0.0,2.399999999999999,0.5999999999999998,2.0,3.0,2.5
MNIST,computer_vision,Concurrency,13,2026-04-13T18:20:53.051484,0.9765,0.9759755300612815,0.9764754305807559,0.007788845539093018,0.0017222013152542722,0.0,3.0,0.5278131281039184,2.0,3.0,2.5
MNIST,computer_vision,SemiSymbolic,14,2026-04-13T18:21:42.756707,0.978,0.9779121086917465,0.9779829718062544,0.0012684289216995238,0.00023870283030523828,0.0,2.399999999999999,0.5999999999999998,2.0,3.0,2.5
MNIST,computer_vision,Concurrency,14,2026-04-13T18:24:18.343453,0.9745,0.9743476202089919,0.9744751754011468,0.007970114588737488,0.0014868539534433948,0.0,3.0,0.5136317854505167,2.0,3.0,2.5
MNIST,computer_vision,SemiSymbolic,15,2026-04-13T18:25:08.500789,0.9705,0.9706495742011965,0.970441382534285,0.0014225172996520997,0.00044400096608409126,0.0,2.399999999999999,0.5999999999999998,2.0,3.0,2.5
MNIST,computer_vision,Concurrency,15,2026-04-13T18:27:44.539109,0.9715,0.9715424995425161,0.9714682514944908,0.008607012271881103,0.0021052694987581866,0.0,3.0,0.5049362320919711,2.0,3.0,2.5
MNIST,computer_vision,SemiSymbolic,16,2026-04-13T18:28:33.308283,0.972,0.9713727606759479,0.9719796878859972,0.0013758336305618286,0.0002792452926526416,0.0,2.399999999999999,0.5999999999999998,2.0,3.0,2.5
MNIST,computer_vision,Concurrency,16,2026-04-13T18:31:06.743502,0.971,0.9709876093210825,0.9710019544849291,0.007587907791137695,0.0017494180917756166,0.0,3.0,0.5264656426075192,2.0,3.0,2.5
MNIST,computer_vision,SemiSymbolic,17,2026-04-13T18:31:56.738891,0.9655,0.9650189193169959,0.9655497376325609,0.0012071695327758789,0.00017658375309335497,0.0,2.399999999999999,0.5999999999999998,2.0,3.0,2.5
MNIST,computer_vision,Concurrency,17,2026-04-13T18:34:31.927194,0.967,0.9669591257919603,0.9669627510336083,0.008137776732444764,0.00195798058959382,0.0,3.0,0.5153965540171884,2.0,3.0,2.5
MNIST,computer_vision,SemiSymbolic,18,2026-04-13T18:35:20.529164,0.971,0.9709720733403205,0.9709739771525077,0.001404778242111206,0.00038567997618537726,0.0,2.399999999999999,0.5999999999999998,2.0,3.0,2.5
MNIST,computer_vision,Concurrency,18,2026-04-13T18:37:50.757759,0.966,0.9659951312268685,0.9659485169562599,0.007707898855209351,0.0017011049023050054,0.0,3.0,0.5024254229713371,2.0,3.0,2.5
MNIST,computer_vision,SemiSymbolic,19,2026-04-13T18:38:39.626642,0.968,0.9677415524270179,0.9680379083971185,0.0017259541749954223,0.0006033562599109285,0.0,2.399999999999999,0.5999999999999998,2.0,3.0,2.5
MNIST,computer_vision,Concurrency,19,2026-04-13T18:41:12.729977,0.9755,0.9755176872457835,0.975533403792185,0.007495387673377991,0.001677101297236446,0.0,3.0,0.5231748678376359,2.0,3.0,2.5
HighDep_LowAmb,industrial,SemiSymbolic,0,2026-04-13T18:41:14.468361,0.96,0.9598030348708673,0.9599155863732288,0.007139997482299805,0.006272673658877976,0.0,2.3999999999999995,0.5999999999999999,4.5,2.5,1.8
HighDep_LowAmb,industrial,Concurrency,0,2026-04-13T18:41:16.294420,0.935,0.9349202773397411,0.9349658331456034,0.007790342569351196,0.010576554636756594,0.0,3.0,0.9126144466160484,4.5,2.5,1.8
HighDep_LowAmb,industrial,SemiSymbolic,1,2026-04-13T18:41:16.564774,0.965,0.9649921232277263,0.9649868720462104,0.0010478365421295165,0.0005822861102236617,0.0,2.3999999999999995,0.5999999999999999,4.5,2.5,1.8
HighDep_LowAmb,industrial,Concurrency,1,2026-04-13T18:41:17.610009,0.955,0.9545901763414819,0.9548921516688111,0.004491658210754395,0.0005983372704562336,0.0,3.0,0.9368882114727016,4.5,2.5,1.8
HighDep_LowAmb,industrial,SemiSymbolic,2,2026-04-13T18:41:17.876661,0.945,0.9448883990079912,0.9450124001102231,0.0009752416610717774,0.00018036790156991095,0.0,2.3999999999999995,0.5999999999999999,4.5,2.5,1.8
HighDep_LowAmb,industrial,Concurrency,2,2026-04-13T18:41:18.956382,0.94,0.9399459513562206,0.9400360324291863,0.004694383144378662,0.0013456877952230581,0.0,3.0,0.9368882114727016,4.5,2.5,1.8
HighDep_LowAmb,industrial,SemiSymbolic,3,2026-04-13T18:41:19.191750,0.92,0.92,0.92,0.0008960652351379394,0.0001859628409705918,0.0,2.3999999999999995,0.5999999999999999,4.5,2.5,1.8
HighDep_LowAmb,industrial,Concurrency,3,2026-04-13T18:41:20.256281,0.95,0.9499198717948718,0.9500801282051282,0.004632998704910279,0.0011565415718214026,0.0,3.0,0.9417429644440323,4.5,2.5,1.8
HighDep_LowAmb,industrial,SemiSymbolic,4,2026-04-13T18:41:20.499239,0.94,0.9396135265700483,0.940096618357488,0.0009347760677337647,0.00025088872096188996,0.0,2.3999999999999995,0.5999999999999999,4.5,2.5,1.8
HighDep_LowAmb,industrial,Concurrency,4,2026-04-13T18:41:21.550048,0.945,0.9449656035021888,0.9449931207004377,0.00456395149230957,0.0012200545461328457,0.0,3.0,0.9417429644440322,4.5,2.5,1.8
HighDep_LowAmb,industrial,SemiSymbolic,5,2026-04-13T18:41:21.794469,0.955,0.954809068313625,0.9549853129472019,0.0009418511390686035,0.0004576126337410225,0.0,2.3999999999999995,0.5999999999999999,4.5,2.5,1.8
HighDep_LowAmb,industrial,Concurrency,5,2026-04-13T18:41:22.839379,0.955,0.9537405874945388,0.955114492045951,0.004260346889495849,0.00042745737748556127,0.0,3.0,0.9368882114727016,4.5,2.5,1.8
HighDep_LowAmb,industrial,SemiSymbolic,6,2026-04-13T18:41:23.099189,0.945,0.9449656035021888,0.9450206378986866,0.0009415793418884277,0.0009694746479236801,0.0,2.3999999999999995,0.5999999999999999,4.5,2.5,1.8
HighDep_LowAmb,industrial,Concurrency,6,2026-04-13T18:41:24.115283,0.945,0.9449876222149984,0.9450206296416694,0.004411836862564087,0.00092450539111884,0.0,3.0,0.8883406817593951,4.5,2.5,1.8
HighDep_LowAmb,industrial,SemiSymbolic,7,2026-04-13T18:41:24.346149,0.95,0.9499949994999499,0.95000500050005,0.0008770239353179932,0.00012421498599618868,0.0,2.3999999999999995,0.5999999999999999,4.5,2.5,1.8
HighDep_LowAmb,industrial,Concurrency,7,2026-04-13T18:41:25.368347,0.96,0.959983993597439,0.959983993597439,0.004397581815719604,0.0014767999015308174,0.0,3.0,0.9223239525587097,4.5,2.5,1.8
HighDep_LowAmb,industrial,SemiSymbolic,8,2026-04-13T18:41:25.602643,0.965,0.964851497577264,0.9649885767367127,0.0008685505390167237,0.0001554431420142278,0.0,2.3999999999999995,0.5999999999999999,4.5,2.5,1.8
HighDep_LowAmb,industrial,Concurrency,8,2026-04-13T18:41:28.889794,0.94,0.9399459513562206,0.9400360324291863,0.015079624652862549,0.016787874762171084,0.0,3.0,0.917469199587379,4.5,2.5,1.8
HighDep_LowAmb,industrial,SemiSymbolic,9,2026-04-13T18:41:29.318973,0.935,0.9349202773397411,0.9349658331456034,0.0016089355945587158,0.0031650867808676155,0.0,2.3999999999999995,0.5999999999999999,4.5,2.5,1.8
HighDep_LowAmb,industrial,Concurrency,9,2026-04-13T18:41:30.335941,0.93,0.93,0.93,0.004238650798797607,0.0003891960844470713,0.0,3.0,0.9271787055300403,4.5,2.5,1.8
HighDep_LowAmb,industrial,SemiSymbolic,10,2026-04-13T18:41:30.597115,0.92,0.919346708337534,0.9201451759249925,0.000977344512939453,0.0011708769808814637,0.0,2.3999999999999995,0.5999999999999999,4.5,2.5,1.8
HighDep_LowAmb,industrial,Concurrency,10,2026-04-13T18:41:31.622943,0.955,0.9548634619724667,0.9550124125479575,0.004447749853134155,0.0012278325997371522,0.0,3.0,0.9611619763293549,4.5,2.5,1.8
HighDep_LowAmb,industrial,SemiSymbolic,11,2026-04-13T18:41:31.872613,0.95,0.9481273991077912,0.9502956738250856,0.0009762883186340332,0.0005407858730069831,0.0,2.3999999999999995,0.5999999999999999,4.5,2.5,1.8
HighDep_LowAmb,industrial,Concurrency,11,2026-04-13T18:41:32.934268,0.935,0.934868107918535,0.9350732733785915,0.004539549350738525,0.001389987235139979,0.0,3.0,0.9368882114727016,4.5,2.5,1.8
HighDep_LowAmb,industrial,SemiSymbolic,12,2026-04-13T18:41:33.167746,0.94,0.94,0.94,0.0008888876438140869,0.00021506023433294873,0.0,2.3999999999999995,0.5999999999999999,4.5,2.5,1.8
HighDep_LowAmb,industrial,Concurrency,12,2026-04-13T18:41:34.215093,0.93,0.9286005711954304,0.93,0.004550602436065674,0.0009896617521743564,0.0,3.0,0.9417429644440323,4.5,2.5,1.8
HighDep_LowAmb,industrial,SemiSymbolic,13,2026-04-13T18:41:34.453299,0.96,0.9595100718696224,0.96,0.0009180116653442383,0.0001589618885716987,0.0,2.3999999999999995,0.5999999999999999,4.5,2.5,1.8
HighDep_LowAmb,industrial,Concurrency,13,2026-04-13T18:41:35.500739,0.935,0.934868107918535,0.934956035972845,0.004547224044799804,0.0010220886601515033,0.0,3.0,0.9563072233580242,4.5,2.5,1.8
HighDep_LowAmb,industrial,SemiSymbolic,14,2026-04-13T18:41:35.761673,0.965,0.964851497577264,0.9649885767367127,0.0010315823554992677,0.0006337479081988795,0.0,2.3999999999999995,0.5999999999999999,4.5,2.5,1.8
HighDep_LowAmb,industrial,Concurrency,14,2026-04-13T18:41:36.822835,0.96,0.9599358974358975,0.9599839743589744,0.004429392814636231,0.0011514767898203717,0.0,3.0,0.9077596936447176,4.5,2.5,1.8
HighDep_LowAmb,industrial,SemiSymbolic,15,2026-04-13T18:41:37.056497,0.93,0.9297470895222801,0.92987354476114,0.0008902871608734131,0.0001307020037680241,0.0,2.3999999999999995,0.5999999999999999,4.5,2.5,1.8
HighDep_LowAmb,industrial,Concurrency,15,2026-04-13T18:41:38.073184,0.955,0.9547454431175362,0.9549490886235072,0.004383988380432129,0.0010101056289005881,0.0,3.0,0.9417429644440323,4.5,2.5,1.8
HighDep_LowAmb,industrial,SemiSymbolic,16,2026-04-13T18:41:38.300622,0.945,0.9449656035021888,0.9450068792995623,0.0008737993240356445,0.00017673142352199098,0.0,2.3999999999999995,0.5999999999999999,4.5,2.5,1.8
HighDep_LowAmb,industrial,Concurrency,16,2026-04-13T18:41:39.525059,0.955,0.9549988749718743,0.9549943748593716,0.005412039756774903,0.0027029210865450386,0.0,3.0,0.9271787055300402,4.5,2.5,1.8
HighDep_LowAmb,industrial,SemiSymbolic,17,2026-04-13T18:41:40.028939,0.97,0.97,0.97,0.002017573118209839,0.0014563559542410227,0.0,2.3999999999999995,0.5999999999999999,4.5,2.5,1.8
HighDep_LowAmb,industrial,Concurrency,17,2026-04-13T18:41:43.068384,0.945,0.9448883990079912,0.9450620005511161,0.00880128026008606,0.006799569727186044,0.0,3.0,0.9187143120852156,4.5,2.5,1.8
HighDep_LowAmb,industrial,SemiSymbolic,18,2026-04-13T18:41:43.332160,0.955,0.9549988749718743,0.955003375084377,0.0010368382930755614,0.0007035537205596085,0.0,2.3999999999999995,0.5999999999999999,4.5,2.5,1.8
HighDep_LowAmb,industrial,Concurrency,18,2026-04-13T18:41:45.302967,0.945,0.9445997330714412,0.9449764548865554,0.009145246744155884,0.06718640527643514,0.0,3.0,0.9126144466160484,4.5,2.5,1.8
HighDep_LowAmb,industrial,SemiSymbolic,19,2026-04-13T18:41:45.530729,0.93,0.9298878205128205,0.93,0.000865854024887085,0.0001242319548064691,0.0,2.3999999999999995,0.5999999999999999,4.5,2.5,1.8
HighDep_LowAmb,industrial,Concurrency,19,2026-04-13T18:41:46.569009,0.945,0.9449656035021888,0.9450206378986866,0.004476336240768433,0.0010405803404573595,0.0,3.0,0.9126144466160483,4.5,2.5,1.8
LowDep_HighAmb,cybersecurity,SemiSymbolic,0,2026-04-13T18:41:46.814845,0.705,0.7049926248156204,0.7050221255531389,0.0008651208877563476,0.0001250271901740232,0.0,2.3999999999999995,0.5999999999999999,1.5,4.0,4.2
LowDep_HighAmb,cybersecurity,Concurrency,0,2026-04-13T18:41:47.859769,0.715,0.7144217039504998,0.7151927653498333,0.004333620071411133,0.0011179080664862038,0.0,3.0,0.6456030331928626,1.5,4.0,4.2
LowDep_HighAmb,cybersecurity,SemiSymbolic,1,2026-04-13T18:41:48.098311,0.66,0.6587715776796468,0.6575431553592935,0.0008509862422943115,0.0001226331352507519,0.0,2.3999999999999995,0.5999999999999999,1.5,4.0,4.2
LowDep_HighAmb,cybersecurity,Concurrency,1,2026-04-13T18:41:49.146671,0.71,0.7081320450885669,0.7095330112721417,0.004352883100509643,0.0020401504753271398,0.0,3.0,0.7038600688488303,1.5,4.0,4.2
LowDep_HighAmb,cybersecurity,SemiSymbolic,2,2026-04-13T18:41:49.397341,0.685,0.683218101822753,0.6846436203645506,0.0008943188190460205,0.00014192916695736143,0.0,2.3999999999999995,0.5999999999999999,1.5,4.0,4.2
LowDep_HighAmb,cybersecurity,Concurrency,2,2026-04-13T18:41:50.489827,0.685,0.6843608306821314,0.6842187930559384,0.004372386932373047,0.00045021681751150194,0.0,3.0,0.7863908693614513,1.5,4.0,4.2
LowDep_HighAmb,cybersecurity,SemiSymbolic,3,2026-04-13T18:41:50.763796,0.675,0.6743405395926751,0.6749267266214085,0.0008884561061859131,0.00019368163303615333,0.0,2.3999999999999995,0.5999999999999999,1.5,4.0,4.2
LowDep_HighAmb,cybersecurity,Concurrency,3,2026-04-13T18:41:51.842462,0.71,0.7099709970997099,0.71,0.00447669506072998,0.0011496983428757898,0.0,3.0,0.6844410569635078,1.5,4.0,4.2
LowDep_HighAmb,cybersecurity,SemiSymbolic,4,2026-04-13T18:41:52.087473,0.74,0.7397657892102892,0.7401561405264738,0.0008758783340454101,0.00013314356990268346,0.0,2.3999999999999995,0.5999999999999999,1.5,4.0,4.2
LowDep_HighAmb,cybersecurity,Concurrency,4,2026-04-13T18:41:54.802634,0.76,0.75997599759976,0.7600960096009601,0.01263730525970459,0.017822530478765242,0.0,3.0,0.7184243277628224,1.5,4.0,4.2
LowDep_HighAmb,cybersecurity,SemiSymbolic,5,2026-04-13T18:41:55.522526,0.755,0.7542566262945409,0.7545269440056172,0.0029346013069152833,0.0030626532842084656,0.0,2.3999999999999995,0.5999999999999999,1.5,4.0,4.2
LowDep_HighAmb,cybersecurity,Concurrency,5,2026-04-13T18:41:56.903847,0.69,0.6892230576441103,0.6896892230576441,0.004248473644256592,0.0005022150250979985,0.0,3.0,0.723279080734153,1.5,4.0,4.2
LowDep_HighAmb,cybersecurity,SemiSymbolic,6,2026-04-13T18:41:57.185303,0.66,0.6578099838969405,0.6597262479871177,0.0008691775798797607,0.0001303773684979902,0.0,2.3999999999999995,0.5999999999999999,1.5,4.0,4.2
LowDep_HighAmb,cybersecurity,Concurrency,6,2026-04-13T18:41:58.270728,0.76,0.7597838054248824,0.7603603242918626,0.00452869176864624,0.001325104422215179,0.0,3.0,0.7135695747914917,1.5,4.0,4.2
LowDep_HighAmb,cybersecurity,SemiSymbolic,7,2026-04-13T18:41:58.513487,0.68,0.677938808373591,0.6794847020933977,0.0008744347095489502,0.00013949929312363687,0.0,2.3999999999999995,0.5999999999999999,1.5,4.0,4.2
LowDep_HighAmb,cybersecurity,Concurrency,7,2026-04-13T18:41:59.557544,0.685,0.6807782929239188,0.6837151326290187,0.004329766035079956,0.0010753100573236475,0.0,3.0,0.6844410569635079,1.5,4.0,4.2
LowDep_HighAmb,cybersecurity,SemiSymbolic,8,2026-04-13T18:41:59.803173,0.75,0.7487689679429204,0.7496482765551201,0.0008869349956512451,0.0002584571017004856,0.0,2.3999999999999995,0.5999999999999999,1.5,4.0,4.2
LowDep_HighAmb,cybersecurity,Concurrency,8,2026-04-13T18:42:00.846032,0.73,0.7298919567827131,0.729891956782713,0.00432618498802185,0.0015485281304228361,0.0,3.0,0.7135695747914917,1.5,4.0,4.2
LowDep_HighAmb,cybersecurity,SemiSymbolic,9,2026-04-13T18:42:01.088861,0.695,0.6946259167480163,0.6949465595354308,0.0008744025230407715,0.00013011463886696155,0.0,2.3999999999999995,0.5999999999999999,1.5,4.0,4.2
LowDep_HighAmb,cybersecurity,Concurrency,9,2026-04-13T18:42:02.135190,0.71,0.7099709970997099,0.7100580058005801,0.004183512926101684,0.00040170793619614264,0.0,3.0,0.6358935272502013,1.5,4.0,4.2
LowDep_HighAmb,cybersecurity,SemiSymbolic,10,2026-04-13T18:42:02.405799,0.7,0.6998799519807923,0.6997599039615846,0.0009155988693237305,0.0005420977429287944,0.0,2.3999999999999995,0.5999999999999999,1.5,4.0,4.2
LowDep_HighAmb,cybersecurity,Concurrency,10,2026-04-13T18:42:03.514522,0.71,0.705762987012987,0.7092938311688312,0.004566154479980469,0.001128357072504128,0.0,3.0,0.675976663518683,1.5,4.0,4.2
LowDep_HighAmb,cybersecurity,SemiSymbolic,11,2026-04-13T18:42:03.765659,0.66,0.6565656565656566,0.6610303030303031,0.0009002363681793212,0.0002052259221356204,0.0,2.3999999999999995,0.5999999999999999,1.5,4.0,4.2
LowDep_HighAmb,cybersecurity,Concurrency,11,2026-04-13T18:42:04.830326,0.72,0.7198879551820728,0.7205602240896358,0.004452449083328247,0.0011313943699536122,0.0,3.0,0.6747315510208466,1.5,4.0,4.2
LowDep_HighAmb,cybersecurity,SemiSymbolic,12,2026-04-13T18:42:05.075157,0.685,0.6849291090495362,0.6852126728513916,0.0008727324008941651,0.00013137683002878152,0.0,2.3999999999999995,0.5999999999999999,1.5,4.0,4.2
LowDep_HighAmb,cybersecurity,Concurrency,12,2026-04-13T18:42:06.539009,0.67,0.6694711538461539,0.6701322115384616,0.006433956623077393,0.0047754200816488455,0.0,3.0,0.7184243277628224,1.5,4.0,4.2
LowDep_HighAmb,cybersecurity,SemiSymbolic,13,2026-04-13T18:42:08.318917,0.68,0.6797117405665098,0.6806726053448103,0.004072064161300659,0.004740817920965986,0.0,2.3999999999999995,0.5999999999999999,1.5,4.0,4.2
LowDep_HighAmb,cybersecurity,Concurrency,13,2026-04-13T18:42:10.024579,0.77,0.7685185185185186,0.7703703703703704,0.006155340671539306,0.0037617056100194687,0.0,3.0,0.6601672921068545,1.5,4.0,4.2
LowDep_HighAmb,cybersecurity,SemiSymbolic,14,2026-04-13T18:42:10.269475,0.725,0.7249931248281207,0.7249931248281207,0.000879349708557129,0.0001383507706104345,0.0,2.3999999999999995,0.5999999999999999,1.5,4.0,4.2
LowDep_HighAmb,cybersecurity,Concurrency,14,2026-04-13T18:42:11.356128,0.74,0.7395833333333333,0.7403125,0.004497237205505371,0.001296780234629083,0.0,3.0,0.6844410569635078,1.5,4.0,4.2
LowDep_HighAmb,cybersecurity,SemiSymbolic,15,2026-04-13T18:42:11.599560,0.705,0.7023133782386034,0.7040101919826434,0.000865854024887085,0.00015506622975109186,0.0,2.3999999999999995,0.5999999999999999,1.5,4.0,4.2
LowDep_HighAmb,cybersecurity,Concurrency,15,2026-04-13T18:42:12.684932,0.72,0.7198879551820728,0.7194397759103641,0.0045550549030303955,0.0014180970412193711,0.0,3.0,0.7621171045047981,1.5,4.0,4.2
LowDep_HighAmb,cybersecurity,SemiSymbolic,16,2026-04-13T18:42:12.994579,0.745,0.7449426120877197,0.7450573879122803,0.0012044382095336913,0.0008640395874483074,0.0,2.3999999999999995,0.5999999999999999,1.5,4.0,4.2
LowDep_HighAmb,cybersecurity,Concurrency,16,2026-04-13T18:42:14.111708,0.66,0.6550324675324675,0.6628977272727272,0.004617096185684204,0.0012507713147060602,0.0,3.0,0.7426980926194756,1.5,4.0,4.2
LowDep_HighAmb,cybersecurity,SemiSymbolic,17,2026-04-13T18:42:14.358074,0.695,0.6943811217715875,0.695343821238007,0.0008869457244873047,0.00020339282110456926,0.0,2.3999999999999995,0.5999999999999999,1.5,4.0,4.2
LowDep_HighAmb,cybersecurity,Concurrency,17,2026-04-13T18:42:15.448020,0.67,0.6694711538461539,0.6694711538461539,0.004545446634292603,0.0012715470468937344,0.0,3.0,0.6990053158774997,1.5,4.0,4.2
LowDep_HighAmb,cybersecurity,SemiSymbolic,18,2026-04-13T18:42:15.690414,0.7,0.6980676328502415,0.7002415458937198,0.0008694219589233398,0.00013662560929919316,0.0,2.3999999999999995,0.5999999999999999,1.5,4.0,4.2
LowDep_HighAmb,cybersecurity,Concurrency,18,2026-04-13T18:42:16.768983,0.665,0.6645891216740507,0.6643543340592225,0.004470670223236084,0.0013598248378404738,0.0,3.0,0.6213292683362094,1.5,4.0,4.2
LowDep_HighAmb,cybersecurity,SemiSymbolic,19,2026-04-13T18:42:17.021039,0.69,0.6880032206119162,0.6882528180354267,0.0008889758586883545,0.00012470114540731332,0.0,2.3999999999999995,0.5999999999999999,1.5,4.0,4.2
LowDep_HighAmb,cybersecurity,Concurrency,19,2026-04-13T18:42:18.097555,0.68,0.6797117405665098,0.6791352216995296,0.0043318641185760495,0.0005648663931614189,0.0,3.0,0.7038600688488305,1.5,4.0,4.2
Medium_Balanced,healthcare,SemiSymbolic,0,2026-04-13T18:42:18.368327,0.845,0.8449030644152595,0.8449806128830519,0.0008856141567230224,0.0002177341077971319,0.0,2.3999999999999995,0.5999999999999999,3.0,3.0,3.0
Medium_Balanced,healthcare,Concurrency,0,2026-04-13T18:42:19.464353,0.815,0.8149953748843721,0.815041626040651,0.0046967434883117675,0.0018314719197434057,0.0,3.0,0.9271787055300403,3.0,3.0,3.0
Medium_Balanced,healthcare,SemiSymbolic,1,2026-04-13T18:42:20.095075,0.815,0.8148843026891808,0.8149768605378361,0.0025149548053741456,0.0025753924062366386,0.0,2.3999999999999995,0.5999999999999999,3.0,3.0,3.0
Medium_Balanced,healthcare,Concurrency,1,2026-04-13T18:42:23.032080,0.8,0.7992773986350863,0.7998795664391811,0.007813737392425538,0.010634436949108369,0.0,3.0,0.8980501877020564,3.0,3.0,3.0
Medium_Balanced,healthcare,SemiSymbolic,2,2026-04-13T18:42:23.283017,0.835,0.8319370527870439,0.8348865575106313,0.0008907651901245117,0.00013656058246786223,0.0,2.3999999999999995,0.5999999999999999,3.0,3.0,3.0
Medium_Balanced,healthcare,Concurrency,2,2026-04-13T18:42:24.385883,0.86,0.8599859985998599,0.86002800280028,0.004464657306671143,0.0008292182576682789,0.0,3.0,0.8495026579887498,3.0,3.0,3.0
Medium_Balanced,healthcare,SemiSymbolic,3,2026-04-13T18:42:24.667684,0.86,0.8599439775910365,0.8598879551820728,0.0010708296298980713,0.0010082399266831234,0.0,2.3999999999999995,0.5999999999999999,3.0,3.0,3.0
Medium_Balanced,healthcare,Concurrency,3,2026-04-13T18:42:25.739031,0.87,0.8698828946051447,0.8699219297367631,0.004588005542755127,0.00118850399539362,0.0,3.0,0.8786311758167338,3.0,3.0,3.0
Medium_Balanced,healthcare,SemiSymbolic,4,2026-04-13T18:42:25.986606,0.825,0.8248905565978737,0.8248030018761726,0.0009276890754699708,0.00019973775975229972,0.0,2.3999999999999995,0.5999999999999999,3.0,3.0,3.0
Medium_Balanced,healthcare,Concurrency,4,2026-04-13T18:42:27.046395,0.79,0.7894736842105263,0.7898947368421054,0.004515482187271118,0.001059154294345264,0.0,3.0,0.8543574109600804,3.0,3.0,3.0
Medium_Balanced,healthcare,SemiSymbolic,5,2026-04-13T18:42:27.282452,0.83,0.8299829982998299,0.8300340034003401,0.0008821475505828857,0.0001754976836170913,0.0,2.3999999999999995,0.5999999999999999,3.0,3.0,3.0
Medium_Balanced,healthcare,Concurrency,5,2026-04-13T18:42:28.350569,0.855,0.854967367657723,0.8549238578680203,0.004508041143417359,0.0017727100088349714,0.0,3.0,0.8786311758167338,3.0,3.0,3.0
Medium_Balanced,healthcare,SemiSymbolic,6,2026-04-13T18:42:28.588739,0.825,0.8246449059345173,0.8250394548961647,0.000861598253250122,0.0001367670794641845,0.0,2.3999999999999995,0.5999999999999999,3.0,3.0,3.0
Medium_Balanced,healthcare,Concurrency,6,2026-04-13T18:42:29.654962,0.84,0.8395989974937343,0.8400802005012531,0.004340771436691284,0.0005630613068560757,0.0,3.0,0.8883406817593951,3.0,3.0,3.0
Medium_Balanced,healthcare,SemiSymbolic,7,2026-04-13T18:42:29.928795,0.84,0.8380402874784898,0.8405344670513211,0.001059415340423584,0.0006578395498813929,0.0,2.3999999999999995,0.5999999999999999,3.0,3.0,3.0
Medium_Balanced,healthcare,Concurrency,7,2026-04-13T18:42:30.980027,0.88,0.87998799879988,0.88001200120012,0.00448312759399414,0.001129963279306446,0.0,3.0,0.8980501877020564,3.0,3.0,3.0
Medium_Balanced,healthcare,SemiSymbolic,8,2026-04-13T18:42:31.215873,0.8,0.7994987468671679,0.7997994987468673,0.0008725571632385254,0.00013041767755207342,0.0,2.3999999999999995,0.5999999999999999,3.0,3.0,3.0
Medium_Balanced,healthcare,Concurrency,8,2026-04-13T18:42:32.249974,0.845,0.8443423464135975,0.8443423464135975,0.004416325092315674,0.0011042885594152976,0.0,3.0,0.8883406817593951,3.0,3.0,3.0
Medium_Balanced,healthcare,SemiSymbolic,9,2026-04-13T18:42:32.692141,0.805,0.8048780487804879,0.8050731707317074,0.001898418664932251,0.001364155580005302,0.0,2.3999999999999995,0.5999999999999999,3.0,3.0,3.0
Medium_Balanced,healthcare,Concurrency,9,2026-04-13T18:42:36.022895,0.825,0.8248905565978737,0.8251094434021263,0.014793711900711059,0.018316299108269662,0.0,3.0,0.8689216698740725,3.0,3.0,3.0
Medium_Balanced,healthcare,SemiSymbolic,10,2026-04-13T18:42:36.363789,0.86,0.8596491228070176,0.8599298245614035,0.0013803553581237793,0.0012001602093296973,0.0,2.3999999999999995,0.5999999999999999,3.0,3.0,3.0
Medium_Balanced,healthcare,Concurrency,10,2026-04-13T18:42:37.428892,0.855,0.8548221571424997,0.8547205326524994,0.004495807886123657,0.0012612102286034931,0.0,3.0,0.9041500531712235,3.0,3.0,3.0
Medium_Balanced,healthcare,SemiSymbolic,11,2026-04-13T18:42:37.663360,0.79,0.7894736842105263,0.7892631578947368,0.0008677983283996582,0.0001342302770202374,0.0,2.3999999999999995,0.5999999999999999,3.0,3.0,3.0
Medium_Balanced,healthcare,Concurrency,11,2026-04-13T18:42:38.725263,0.87,0.8689384010484928,0.8694102228047182,0.0045273911952972415,0.0011985730384458694,0.0,3.0,0.8313287586012638,3.0,3.0,3.0
Medium_Balanced,healthcare,SemiSymbolic,12,2026-04-13T18:42:38.963673,0.845,0.8448098921178444,0.8449728417311206,0.0008907628059387207,0.00012298934265290594,0.0,2.3999999999999995,0.5999999999999999,3.0,3.0,3.0
Medium_Balanced,healthcare,Concurrency,12,2026-04-13T18:42:40.036154,0.85,0.8494580489763148,0.8495483741469289,0.00459986686706543,0.0012046887145082876,0.0,3.0,0.8543574109600806,3.0,3.0,3.0
Medium_Balanced,healthcare,SemiSymbolic,13,2026-04-13T18:42:40.271378,0.825,0.8212416047396511,0.8259071988559462,0.0008819437026977539,0.0001309681954338665,0.0,2.3999999999999995,0.5999999999999999,3.0,3.0,3.0
Medium_Balanced,healthcare,Concurrency,13,2026-04-13T18:42:41.337411,0.855,0.8549093183239524,0.8549818636647905,0.004508179426193237,0.001400219365975715,0.0,3.0,0.8786311758167338,3.0,3.0,3.0
Medium_Balanced,healthcare,SemiSymbolic,14,2026-04-13T18:42:41.598409,0.835,0.8348968105065666,0.8350206378986867,0.0010155677795410157,0.0004839769564905832,0.0,2.3999999999999995,0.5999999999999999,3.0,3.0,3.0
Medium_Balanced,healthcare,Concurrency,14,2026-04-13T18:42:42.611329,0.85,0.8497596153846154,0.8495793269230769,0.0043083655834198,0.0008157511244146198,0.0,3.0,0.902904940673387,3.0,3.0,3.0
Medium_Balanced,healthcare,SemiSymbolic,15,2026-04-13T18:42:42.846458,0.875,0.8749968749218731,0.875003125078127,0.0008775198459625244,0.0001468684732630369,0.0,2.3999999999999995,0.5999999999999999,3.0,3.0,3.0
Medium_Balanced,healthcare,Concurrency,15,2026-04-13T18:42:43.998290,0.82,0.81998199819982,0.81992799279928,0.004952059984207153,0.0019556323922678732,0.0,3.0,0.8689216698740725,3.0,3.0,3.0
Medium_Balanced,healthcare,SemiSymbolic,16,2026-04-13T18:42:44.267646,0.855,0.8545600441335038,0.8548000200606836,0.0009319424629211426,0.00016123434615855547,0.0,2.3999999999999995,0.5999999999999999,3.0,3.0,3.0
Medium_Balanced,healthcare,Concurrency,16,2026-04-13T18:42:45.358607,0.83,0.8282828282828283,0.8308585858585859,0.004674043655395508,0.0011441156527571728,0.0,3.0,0.8786311758167338,3.0,3.0,3.0
Medium_Balanced,healthcare,SemiSymbolic,17,2026-04-13T18:42:45.604329,0.845,0.8445297023496076,0.8452992803229771,0.0009208309650421142,0.0002296672108115952,0.0,2.3999999999999995,0.5999999999999999,3.0,3.0,3.0
Medium_Balanced,healthcare,Concurrency,17,2026-04-13T18:42:49.140536,0.82,0.8197115384615384,0.8197836538461538,0.016710771322250365,0.021286622241304592,0.0,3.0,0.9077596936447176,3.0,3.0,3.0
Medium_Balanced,healthcare,SemiSymbolic,18,2026-04-13T18:42:49.387377,0.825,0.8230491165095175,0.8249071007861676,0.0009111690521240234,0.00014604306886561327,0.0,2.3999999999999995,0.5999999999999999,3.0,3.0,3.0
Medium_Balanced,healthcare,Concurrency,18,2026-04-13T18:42:50.477646,0.86,0.8599859985998599,0.8599159915991599,0.004598950147628784,0.0010910380761378364,0.0,3.0,0.8786311758167338,3.0,3.0,3.0
Medium_Balanced,healthcare,SemiSymbolic,19,2026-04-13T18:42:50.728035,0.83,0.8286117552172598,0.8301542494203045,0.0009383141994476318,0.00011250360754140705,0.0,2.3999999999999995,0.5999999999999999,3.0,3.0,3.0
Medium_Balanced,healthcare,Concurrency,19,2026-04-13T18:42:51.790177,0.825,0.8249956248906223,0.8249868746718667,0.004541679620742798,0.0010346909226914384,0.0,3.0,0.9077596936447176,3.0,3.0,3.0
